<?xml version="1.0" encoding="UTF-8"?>

<Scenario version="7">
	<Environment>
		<SkySet>default</SkySet>
		<SunColor r="0.74902" g="0.74902" b="0.74902"/>
		<SunElevation angle="0.785398"/>
		<SunRotation angle="-0.785396"/>
		<AmbientColor r="0.501961" g="0.501961" b="0.501961"/>
		<Fog>
			<FogFactor>0</FogFactor>
			<FogThickness>0.5</FogThickness>
			<FogColor r="0.8" g="0.8" b="0.894118"/>
		</Fog>
		<Water>
			<WaterBody>
				<Type>ocean</Type>
				<Color r="0.298039" g="0.34902" b="0.698039"/>
				<Tint r="0.278431" g="0.298039" b="0.588235"/>
				<Height>5</Height>
				<Waviness>4</Waviness>
				<Murkiness>0.45</Murkiness>
				<WindAngle>0</WindAngle>
			</WaterBody>
		</Water>
		<Postproc>
			<Brightness>0</Brightness>
			<Contrast>1</Contrast>
			<Saturation>0.99</Saturation>
			<Bloom>0.1999</Bloom>
			<PostEffect>default</PostEffect>
		</Postproc>
	</Environment>
	<Camera>
		<Position x="314.191" y="246.913" z="382.593"/>
		<Rotation angle="0.727571"/>
		<Declination angle="0.610865"/>
	</Camera>
	<ScriptSettings><![CDATA[
{
  "AISeed": 0,
  "CircularMap": true,
  "Description": "Give an interesting description of your map.",
  "Keywords": [],
  "LockTeams": false,
  "Name": "Cavalry Vs Spearmen",
  "PlayerData": [
    null,
    {
      "Civ": "athen"
    },
    {
      "Civ": "cart"
    }
  ],
  "Preview": "",
  "RevealMap": false,
  "VictoryConditions": [
    "conquest"
  ]
}
]]></ScriptSettings>
	<Entities>
		<Entity uid="11">
			<Template>units/athen/infantry_spearman_a</Template>
			<Player>2</Player>
			<Position x="367.37403" z="471.45481"/>
			<Orientation y="2.35621"/>
			<Actor seed="42606"/>
		</Entity>
		<Entity uid="12">
			<Template>units/athen/infantry_spearman_a</Template>
			<Player>2</Player>
			<Position x="373.63883" z="473.594"/>
			<Orientation y="2.35621"/>
			<Actor seed="308"/>
		</Entity>
		<Entity uid="13">
			<Template>units/athen/infantry_spearman_a</Template>
			<Player>2</Player>
			<Position x="379.24891" z="475.1377"/>
			<Orientation y="2.35621"/>
			<Actor seed="13598"/>
		</Entity>
		<Entity uid="14">
			<Template>units/athen/infantry_spearman_a</Template>
			<Player>2</Player>
			<Position x="385.02" z="477.4076"/>
			<Orientation y="2.35621"/>
			<Actor seed="3779"/>
		</Entity>
		<Entity uid="15">
			<Template>units/athen/infantry_spearman_a</Template>
			<Player>2</Player>
			<Position x="391.07322" z="478.92463"/>
			<Orientation y="2.35621"/>
			<Actor seed="58968"/>
		</Entity>
		<Entity uid="16">
			<Template>units/pers/cavalry_archer_a</Template>
			<Player>1</Player>
			<Position x="385.52744" z="423.7876"/>
			<Orientation y="-0.34731"/>
			<Actor seed="13924"/>
		</Entity>
		<Entity uid="17">
			<Template>units/pers/cavalry_archer_a</Template>
			<Player>1</Player>
			<Position x="389.93311" z="425.8642"/>
			<Orientation y="-0.34328"/>
			<Actor seed="26416"/>
		</Entity>
		<Entity uid="18">
			<Template>units/pers/cavalry_archer_a</Template>
			<Player>1</Player>
			<Position x="394.63288" z="426.8989"/>
			<Orientation y="-0.33915"/>
			<Actor seed="18765"/>
		</Entity>
		<Entity uid="19">
			<Template>units/pers/cavalry_archer_a</Template>
			<Player>1</Player>
			<Position x="399.36054" z="428.31543"/>
			<Orientation y="-0.35944"/>
			<Actor seed="41423"/>
		</Entity>
		<Entity uid="20">
			<Template>units/pers/cavalry_archer_a</Template>
			<Player>1</Player>
			<Position x="404.5171" z="429.84406"/>
			<Orientation y="-0.33062"/>
			<Actor seed="5055"/>
		</Entity>
	</Entities>
	<Paths/>
</Scenario>