<?xml version="1.0" encoding="UTF-8"?>

<Scenario version="6">
	<Environment>
		<SkySet>default</SkySet>
		<SunColor r="0.74902" g="0.74902" b="0.74902"/>
		<SunElevation angle="0.785398"/>
		<SunRotation angle="-0.785396"/>
		<TerrainAmbientColor r="0.501961" g="0.501961" b="0.501961"/>
		<UnitsAmbientColor r="0.501961" g="0.501961" b="0.501961"/>
		<Fog>
			<FogFactor>0</FogFactor>
			<FogThickness>0.5</FogThickness>
			<FogColor r="0.8" g="0.8" b="0.894118"/>
		</Fog>
		<Water>
			<WaterBody>
				<Type>ocean</Type>
				<Color r="0.294118" g="0.34902" b="0.694118"/>
				<Tint r="0.27451" g="0.294118" b="0.584314"/>
				<Height>5</Height>
				<Waviness>4</Waviness>
				<Murkiness>0.45</Murkiness>
				<WindAngle>0</WindAngle>
			</WaterBody>
		</Water>
		<Postproc>
			<Brightness>0</Brightness>
			<Contrast>1</Contrast>
			<Saturation>0.99</Saturation>
			<Bloom>0.1999</Bloom>
			<PostEffect>default</PostEffect>
		</Postproc>
	</Environment>
	<Camera>
		<Position x="525.633" y="246.916" z="347.934"/>
		<Rotation angle="0"/>
		<Declination angle="0.610865"/>
	</Camera>
	<ScriptSettings><![CDATA[
{
  "AISeed": 0,
  "CircularMap": true,
  "Description": "Give an interesting description of your map.",
  "Keywords": [],
  "LockTeams": false,
  "Name": "CavalryVsInfantryL5",
  "PlayerData": [
    "",
    {
      "Civ": "athen"
    },
    {
      "Civ": "cart"
    }
  ],
  "Preview": "",
  "RevealMap": false,
  "VictoryConditions": [
    "conquest_units"
  ]
}
]]></ScriptSettings>
	<Entities>
		<Entity uid="11">
			<Template>units/spart_cavalry_javelinist_a</Template>
			<Player>1</Player>
			<Position x="525.63318" z="446.23176"/>
			<Orientation y="2.35621"/>
			<Actor seed="45686"/>
		</Entity>
		<Entity uid="12">
			<Template>units/spart_cavalry_javelinist_a</Template>
			<Player>1</Player>
			<Position x="520.92597" z="443.03834"/>
			<Orientation y="2.35621"/>
			<Actor seed="33565"/>
		</Entity>
		<Entity uid="13">
			<Template>units/spart_cavalry_javelinist_a</Template>
			<Player>1</Player>
			<Position x="516.77259" z="439.06745"/>
			<Orientation y="2.35621"/>
			<Actor seed="30442"/>
		</Entity>
		<Entity uid="14">
			<Template>units/spart_cavalry_javelinist_a</Template>
			<Player>1</Player>
			<Position x="512.17396" z="435.44028"/>
			<Orientation y="2.35621"/>
			<Actor seed="57525"/>
		</Entity>
		<Entity uid="15">
			<Template>units/spart_cavalry_javelinist_a</Template>
			<Player>1</Player>
			<Position x="507.48774" z="431.20191"/>
			<Orientation y="2.35621"/>
			<Actor seed="62872"/>
		</Entity>
		<Entity uid="16">
			<Template>units/spart_champion_infantry_sword</Template>
			<Player>2</Player>
			<Position x="541.6139" z="416.21076"/>
			<Orientation y="-0.56821"/>
			<Actor seed="54773"/>
		</Entity>
		<Entity uid="17">
			<Template>units/spart_champion_infantry_sword</Template>
			<Player>2</Player>
			<Position x="538.37171" z="413.81681"/>
			<Orientation y="-0.56821"/>
		</Entity>
		<Entity uid="18">
			<Template>units/spart_champion_infantry_sword</Template>
			<Player>2</Player>
			<Position x="534.97657" z="411.8295"/>
			<Orientation y="-0.56821"/>
		</Entity>
		<Entity uid="19">
			<Template>units/spart_champion_infantry_sword</Template>
			<Player>2</Player>
			<Position x="531.96106" z="409.38724"/>
			<Orientation y="-0.56821"/>
		</Entity>
		<Entity uid="20">
			<Template>units/spart_champion_infantry_sword</Template>
			<Player>2</Player>
			<Position x="528.83124" z="406.68171"/>
			<Orientation y="-0.56821"/>
		</Entity>
	</Entities>
	<Paths/>
</Scenario>